﻿<?xml version="1.0" encoding="UTF-8"?>
<manifest identifier="D2L_80088" xmlns:d2l_2p0="http://desire2learn.com/xsd/d2lcp_v2p0" xmlns:scorm_1p2="http://www.adlnet.org/xsd/adlcp_rootv1p2" xmlns="http://www.imsglobal.org/xsd/imscp_v1p1">
    <organizations default="d2l_orgs">
        <organization identifier="d2l_org">
            <item identifier="1274018" identifierref="RES_CONTENT_1274018" d2l_2p0:id="1" isvisible="False" description="" completion_type="2">
                <title>Instructions for Staff</title>
                <item identifier="1274024" identifierref="RES_CONTENT_1274024" d2l_2p0:id="2" description="" completion_type="2">
                    <title>Instructions for Staff</title>
                </item>
                <item identifier="1274025" identifierref="RES_CONTENT_1274025" d2l_2p0:id="3" description="" completion_type="2">
                    <title>Template Components</title>
                </item>
                <item identifier="1274026" identifierref="RES_CONTENT_1274026" d2l_2p0:id="4" description="" completion_type="2">
                    <title>Template Demonstration</title>
                </item>
                <item identifier="1276615" identifierref="RES_CONTENT_1276615" d2l_2p0:id="5" description="" completion_type="2">
                    <title>template</title>
                </item>
            </item>
        </organization>
    </organizations>
    <resources>
        <resource identifier="RES_CONTENT_1274018" type="webcontent" d2l_2p0:material_type="contentmodule" d2l_2p0:link_target="" href="" title="" />
        <resource identifier="RES_CONTENT_1274024" type="webcontent" d2l_2p0:material_type="contentlink" d2l_2p0:link_target="_blank" href="https://dementia.health.utas.edu.au/templates/v3/common/instructions_for_staff-v3.html" title="" />
        <resource identifier="RES_CONTENT_1274025" type="webcontent" d2l_2p0:material_type="contentlink" d2l_2p0:link_target="_blank" href="https://dementia.health.utas.edu.au/templates/v3/common/components-v3.html" title="" />
        <resource identifier="RES_CONTENT_1274026" type="webcontent" d2l_2p0:material_type="contentlink" d2l_2p0:link_target="_blank" href="https://dementia.health.utas.edu.au/templates/v3/common/demo-v3.html" title="" />
        <resource identifier="RES_CONTENT_1276615" type="webcontent" d2l_2p0:material_type="content" d2l_2p0:link_target="" href="template\template.html" title="" />
    </resources>
</manifest>