﻿<grades><schemes><scheme identifier="27292" name="Student Engagement S2_2018" short_name="" is_valid="true"><range percent_start="0" assigned_value="0.000000000" symbol="Not Engaged" color_id="17" /><range percent_start="100" assigned_value="100.000000000" symbol="Engaged" color_id="10" /></scheme></schemes><configuration><auto_update_final_grade>1</auto_update_final_grade><grading_system>1</grading_system><include_empty_grades_in_final>false</include_empty_grades_in_final><default_scheme>503</default_scheme><show_user_name>0</show_user_name><show_user_email>0</show_user_email></configuration><categories /><items><item id="1" identifier="227705" resource_code="UTAS-1860745"><scheme_id>27292</scheme_id><name>#Student Engagement</name><short_name>#Student Engagement</short_name><sort_order>1</sort_order><show_average>false</show_average><show_distribution>false</show_distribution><description text_type="text/html" is_displayed="false" /><type_id>3</type_id><is_active>true</is_active><scoring><can_exceed_weight>false</can_exceed_weight><out_of>1</out_of><is_bonus>false</is_bonus><max_grade>0</max_grade><exclude_from_final_grade_calc>false</exclude_from_final_grade_calc><is_milestone_grade>false</is_milestone_grade></scoring></item></items></grades>