﻿<?xml version="1.0" encoding="UTF-8"?>
<manifest identifier="D2L_103040" xmlns:d2l_2p0="http://desire2learn.com/xsd/d2lcp_v2p0" xmlns:scorm_1p2="http://www.adlnet.org/xsd/adlcp_rootv1p2" xmlns="http://www.imsglobal.org/xsd/imscp_v1p1">
    <organizations default="d2l_orgs">
        <organization identifier="d2l_org">
            <item identifier="1570421" identifierref="RES_CONTENT_1570421" d2l_2p0:id="1" isvisible="False" description="&lt;p&gt;Read the instructions below for information on how to create pages based on the template.&lt;/p&gt;&#xA;&lt;p&gt;Note: In addition to creating pages based on the template, you can also create pages based on the &quot;Standard Stucture&quot;.&lt;/p&gt;&#xA;&lt;p&gt;The &quot;Standard Stucture&quot; uses the same template, but is pre-populated with some common elements that are recommended for each unit module page, such as module naming conventions, a learning outcomes box, a reading list box and links to the library reading list.&lt;/p&gt;&#xA;&lt;p&gt;You can create a page based on the &quot;Standard Stucture&quot;, using the &quot;StandardStructure.html&quot; template, in the same way you would use &quot;template.html&quot;, to create pages based on the template. &quot;StandardSturcture.html&quot; is stored in the 'template' folder in the file system, alongside the standard 'template.html' file.&lt;/p&gt;" completion_type="2">
                <title>Instructions for Staff</title>
                <item identifier="1570422" identifierref="RES_CONTENT_1570422" d2l_2p0:id="2" description="" completion_type="2">
                    <title>Instructions for Staff</title>
                </item>
                <item identifier="1570423" identifierref="RES_CONTENT_1570423" d2l_2p0:id="3" description="" completion_type="2">
                    <title>Template Components</title>
                </item>
            </item>
        </organization>
    </organizations>
    <resources>
        <resource identifier="RES_CONTENT_1570421" type="webcontent" d2l_2p0:material_type="contentmodule" d2l_2p0:link_target="" href="" title="" />
        <resource identifier="RES_CONTENT_1570422" type="webcontent" d2l_2p0:material_type="contentlink" d2l_2p0:link_target="_blank" href="https://health.utas.edu.au/templates/v3-at/common/instructions_for_staff-v3.html" title="" />
        <resource identifier="RES_CONTENT_1570423" type="webcontent" d2l_2p0:material_type="contentlink" d2l_2p0:link_target="_blank" href="https://health.utas.edu.au/templates/v3-at/common/components-v3.php" title="" />
        <resource identifier="res_syllabus" type="webcontent" d2l_2p0:material_type="d2lsyllabus" d2l_2p0:link_target="" href="syllabus_d2l.xml" title="" />
    </resources>
</manifest>