﻿<?xml version="1.0" encoding="UTF-8"?>
<manifest identifier="D2L_14648" xmlns:d2l_2p0="http://desire2learn.com/xsd/d2lcp_v2p0" xmlns:scorm_1p2="http://www.adlnet.org/xsd/adlcp_rootv1p2" xmlns="http://www.imsglobal.org/xsd/imscp_v1p1">
    <organizations default="d2l_orgs">
        <organization identifier="d2l_org">
            <item identifier="1566579" identifierref="RES_CONTENT_1566579" d2l_2p0:id="1" description="" completion_type="2">
                <title>Student Survey</title>
                <item identifier="1566594" identifierref="RES_CONTENT_1566594" d2l_2p0:id="2" description="" completion_type="2">
                    <title>Student Survey: Unit Template</title>
                </item>
            </item>
        </organization>
    </organizations>
    <resources>
        <resource identifier="RES_CONTENT_1566579" type="webcontent" d2l_2p0:material_type="contentmodule" d2l_2p0:link_target="" href="" title="" />
        <resource identifier="RES_CONTENT_1566594" type="webcontent" d2l_2p0:material_type="content" d2l_2p0:link_target="" href="ICBsurvey\ICBsurvey.html" title="" />
        <resource identifier="res_syllabus" type="webcontent" d2l_2p0:material_type="d2lsyllabus" d2l_2p0:link_target="" href="syllabus_d2l.xml" title="" />
        <resource identifier="res_survey_48286" type="webcontent" d2l_2p0:material_type="d2lsurvey" d2l_2p0:link_target="" href="survey_d2l_48286.xml" title="Student Evaluation of Content Templates" />
    </resources>
</manifest>