﻿<?xml version="1.0" encoding="UTF-8"?><questestinterop xmlns:d2l_2p0="http://desire2learn.com/xsd/d2lcp_v2p0"><assessment d2l_2p0:id="3" title="Student Evaluation of Content Templates" ident="res_survey_48286" d2l_2p0:resource_code="UTAS-968421"><rubric><flow_mat><material><mattext d2l_2p0:isdisplayed="no" texttype="text/html" /></material></flow_mat></rubric><assessmentcontrol hintswitch="no" solutionswitch="no" feedbackswitch="no" /><presentation_material><flow_mat><material label="page footer"><mattext d2l_2p0:isdisplayed="no" texttype="text/html" /></material></flow_mat></presentation_material><assess_procextension><d2l_2p0:submission_message texttype="text/html">&lt;p&gt;&lt;span&gt;Thank you for participating in our evaluation of the Faculty of Health Content Template.&lt;/span&gt;&lt;/p&gt;
&lt;p&gt;&lt;span style="font-size: 11.0pt; line-height: 107%; font-family: 'Calibri','sans-serif';"&gt;The responses you provide in this survey will be used in assessing the effectiveness of the Content Templates in delivering online learning and teaching activities and material. &lt;br /&gt;&lt;/span&gt;&lt;/p&gt;</d2l_2p0:submission_message><d2l_2p0:anonymous>yes</d2l_2p0:anonymous><d2l_2p0:instant_feedback>no</d2l_2p0:instant_feedback><is_active>yes</is_active><d2l_2p0:date_start /><d2l_2p0:date_end /><d2l_2p0:has_schedule_event>no</d2l_2p0:has_schedule_event><d2l_2p0:attempts_allowed>unlimited</d2l_2p0:attempts_allowed><d2l_2p0:is_forward_only>no</d2l_2p0:is_forward_only></assess_procextension><d2l_2p0:report title="Individual attempts"><d2l_2p0:report_type>5</d2l_2p0:report_type><d2l_2p0:show_aggregate_data>no</d2l_2p0:show_aggregate_data><d2l_2p0:show_textresponses>no</d2l_2p0:show_textresponses><d2l_2p0:show_signed_comments>no</d2l_2p0:show_signed_comments><d2l_2p0:show_unsigned_comments>no</d2l_2p0:show_unsigned_comments><d2l_2p0:hide_user_info>yes</d2l_2p0:hide_user_info><d2l_2p0:report_roles /></d2l_2p0:report><section ident="CONTAINER_SECTION"><item ident="OBJ_1213405" label="QUES_283368_322178" d2l_2p0:page="1" title="What is the Content Template?"><itemmetadata><qtimetadata><qti_metadatafield><fieldlabel>qmd_computerscored</fieldlabel><fieldentry>yes</fieldentry></qti_metadatafield><qti_metadatafield><fieldlabel>qmd_questiontype</fieldlabel><fieldentry>Text Information</fieldentry></qti_metadatafield><qti_metadatafield><fieldlabel>qmd_globalid</fieldlabel><fieldentry>c4ba3b91-64f0-4789-8d59-927cc849d825</fieldentry></qti_metadatafield><qti_metadatafield><fieldlabel>qmd_displayid</fieldlabel><fieldentry>AW_CAA_14S5_6541_0_0_0-65</fieldentry></qti_metadatafield></qtimetadata></itemmetadata><presentation><flow><material><mattext texttype="text/html">&lt;h1&gt;What is the Content Template?&lt;/h1&gt;
&lt;p&gt;The Content Template is the part that you access when you visit individual pages in the &amp;lsquo;Content&amp;rsquo; section in MyLO. It is often bordered by a colourful background, and contains the subject matter and activities.&lt;/p&gt;
&lt;p&gt;&lt;span&gt;Please note, not every MyLO unit uses the Content Template. The Content Template looks similar to this:&lt;/span&gt;&lt;/p&gt;
&lt;p&gt;&lt;span&gt;&amp;nbsp;&lt;img src="ICBsurvey/TemplateLook.jpg" alt="" title="" /&gt;&lt;/span&gt;&lt;/p&gt;</mattext></material></flow></presentation></item><item ident="OBJ_1213406" label="QUES_283369_322135" d2l_2p0:page="1" title="MyLO"><itemmetadata><qtimetadata><qti_metadatafield><fieldlabel>qmd_computerscored</fieldlabel><fieldentry>yes</fieldentry></qti_metadatafield><qti_metadatafield><fieldlabel>qmd_questiontype</fieldlabel><fieldentry>Text Information</fieldentry></qti_metadatafield><qti_metadatafield><fieldlabel>qmd_globalid</fieldlabel><fieldentry>ffc6ded8-29f9-4c9b-8dd5-c41ddbe67a7f</fieldentry></qti_metadatafield><qti_metadatafield><fieldlabel>qmd_displayid</fieldlabel><fieldentry>AW_CAA_14S5_6541_0_0_0-66</fieldentry></qti_metadatafield></qtimetadata></itemmetadata><presentation><flow><material><mattext texttype="text/html">&lt;h1&gt;MyLO&lt;/h1&gt;</mattext></material></flow></presentation></item><item ident="OBJ_1213407" label="QUES_283370_322136" d2l_2p0:page="1" title="MyLO Units"><itemmetadata><qtimetadata><qti_metadatafield><fieldlabel>qmd_computerscored</fieldlabel><fieldentry>yes</fieldentry></qti_metadatafield><qti_metadatafield><fieldlabel>qmd_questiontype</fieldlabel><fieldentry>Multi-Select</fieldentry></qti_metadatafield><qti_metadatafield><fieldlabel>qmd_globalid</fieldlabel><fieldentry>87db6439-9b96-4b53-91ed-0d8018458969</fieldentry></qti_metadatafield><qti_metadatafield><fieldlabel>qmd_displayid</fieldlabel><fieldentry>AW_CAA_14S5_6541_0_0_0-43</fieldentry></qti_metadatafield></qtimetadata></itemmetadata><itemproc_extension><d2l_2p0:difficulty>1</d2l_2p0:difficulty><d2l_2p0:isbonus>no</d2l_2p0:isbonus><d2l_2p0:ismandatory>no</d2l_2p0:ismandatory></itemproc_extension><presentation><flow><material><mattext texttype="text/html">&lt;p&gt;&lt;span&gt;Which MyLO unit(s), incorporating the Content Template, did you study?&lt;/span&gt;&lt;/p&gt;</mattext></material><response_extension><d2l_2p0:display_style>2</d2l_2p0:display_style><d2l_2p0:enumeration>6</d2l_2p0:enumeration><d2l_2p0:grading_type>0</d2l_2p0:grading_type></response_extension><response_lid ident="QUES_283370_322136_LID" rcardinality="Multiple"><render_choice shuffle="no"><flow_label class="Block"><response_label ident="QUES_283370_322136_A1243917"><flow_mat><material><mattext texttype="text/html">&lt;p&gt;CXA004 Foundations of Technology for Healthy Living&lt;/p&gt;</mattext></material></flow_mat></response_label></flow_label><flow_label class="Block"><response_label ident="QUES_283370_322136_A1243918"><flow_mat><material><mattext texttype="text/html">&lt;p&gt;CAD113 Inter-professional Education and Practice in Dementia Care&lt;/p&gt;</mattext></material></flow_mat></response_label></flow_label><flow_label class="Block"><response_label ident="QUES_283370_322136_A1243919"><flow_mat><material><mattext texttype="text/html">&lt;p&gt;HSP105 Introduction to Family History&lt;/p&gt;</mattext></material></flow_mat></response_label></flow_label></render_choice></response_lid></flow></presentation><resprocessing><outcomes><decvar vartype="Integer" defaultval="0" /></outcomes><respcondition title="Scoring for the correct answers" continue="yes"><conditionvar><not><varequal respident="QUES_283370_322136_LID">QUES_283370_322136_A1243917</varequal><varequal respident="QUES_283370_322136_LID">QUES_283370_322136_A1243918</varequal><varequal respident="QUES_283370_322136_LID">QUES_283370_322136_A1243919</varequal></not></conditionvar><setvar action="Add">1</setvar></respcondition><respcondition title="Scoring for the incorrect answers" continue="no"><conditionvar><and><not><not><varequal respident="QUES_283370_322136_LID">QUES_283370_322136_A1243917</varequal><varequal respident="QUES_283370_322136_LID">QUES_283370_322136_A1243918</varequal><varequal respident="QUES_283370_322136_LID">QUES_283370_322136_A1243919</varequal></not></not></and></conditionvar><setvar action="Add">0</setvar></respcondition></resprocessing><itemfeedback ident="QUES_283370_322136_IF1243917"><material><mattext texttype="text/plain" /></material></itemfeedback><itemfeedback ident="QUES_283370_322136_IF1243918"><material><mattext texttype="text/plain" /></material></itemfeedback><itemfeedback ident="QUES_283370_322136_IF1243919"><material><mattext texttype="text/plain" /></material></itemfeedback></item><item ident="OBJ_1213408" label="QUES_283371_322137" d2l_2p0:page="1" title="Weekly study time"><itemmetadata><qtimetadata><qti_metadatafield><fieldlabel>qmd_computerscored</fieldlabel><fieldentry>yes</fieldentry></qti_metadatafield><qti_metadatafield><fieldlabel>qmd_questiontype</fieldlabel><fieldentry>Multiple Choice</fieldentry></qti_metadatafield><qti_metadatafield><fieldlabel>qmd_globalid</fieldlabel><fieldentry>6e6cf5c5-f4c4-4db1-962f-743426f2b4b4</fieldentry></qti_metadatafield><qti_metadatafield><fieldlabel>qmd_displayid</fieldlabel><fieldentry>AW_CAA_14S5_6541_0_0_0-44</fieldentry></qti_metadatafield></qtimetadata></itemmetadata><itemproc_extension><d2l_2p0:difficulty>1</d2l_2p0:difficulty><d2l_2p0:isbonus>no</d2l_2p0:isbonus><d2l_2p0:ismandatory>no</d2l_2p0:ismandatory></itemproc_extension><presentation><flow><material><mattext texttype="text/html">&lt;p&gt;&lt;span&gt;How many hours a week do you spend on MyLO during the study period?&lt;/span&gt;&lt;/p&gt;
&lt;p&gt;&lt;span&gt;&lt;span&gt;An estimate will be sufficient.&lt;/span&gt;&lt;/span&gt;&lt;/p&gt;</mattext></material><response_extension><d2l_2p0:display_style>2</d2l_2p0:display_style><d2l_2p0:enumeration>6</d2l_2p0:enumeration><d2l_2p0:grading_type>0</d2l_2p0:grading_type></response_extension><response_lid ident="QUES_283371_322137_LID" rcardinality="Single"><render_choice shuffle="no"><flow_label class="Block"><response_label ident="QUES_283371_322137_A1243920"><flow_mat><material><mattext texttype="text/html">&lt;p&gt;Less than 5 hours&lt;/p&gt;</mattext></material></flow_mat></response_label></flow_label><flow_label class="Block"><response_label ident="QUES_283371_322137_A1243921"><flow_mat><material><mattext texttype="text/html">&lt;p&gt;5-10 hours&lt;/p&gt;</mattext></material></flow_mat></response_label></flow_label><flow_label class="Block"><response_label ident="QUES_283371_322137_A1243922"><flow_mat><material><mattext texttype="text/html">&lt;p&gt;10-20 hours&lt;/p&gt;</mattext></material></flow_mat></response_label></flow_label><flow_label class="Block"><response_label ident="QUES_283371_322137_A1243923"><flow_mat><material><mattext texttype="text/html">&lt;p&gt;More than 20 hours&lt;/p&gt;</mattext></material></flow_mat></response_label></flow_label></render_choice></response_lid></flow></presentation><resprocessing><respcondition title="Response Condition 1"><conditionvar><varequal respident="QUES_283371_322137_LID">QUES_283371_322137_A1243920</varequal></conditionvar><setvar action="Set">0.000000000</setvar><displayfeedback feedbacktype="Response" linkrefid="QUES_283371_322137_IF1243920" /></respcondition><respcondition title="Response Condition 2"><conditionvar><varequal respident="QUES_283371_322137_LID">QUES_283371_322137_A1243921</varequal></conditionvar><setvar action="Set">0.000000000</setvar><displayfeedback feedbacktype="Response" linkrefid="QUES_283371_322137_IF1243921" /></respcondition><respcondition title="Response Condition 3"><conditionvar><varequal respident="QUES_283371_322137_LID">QUES_283371_322137_A1243922</varequal></conditionvar><setvar action="Set">0.000000000</setvar><displayfeedback feedbacktype="Response" linkrefid="QUES_283371_322137_IF1243922" /></respcondition><respcondition title="Response Condition 4"><conditionvar><varequal respident="QUES_283371_322137_LID">QUES_283371_322137_A1243923</varequal></conditionvar><setvar action="Set">0.000000000</setvar><displayfeedback feedbacktype="Response" linkrefid="QUES_283371_322137_IF1243923" /></respcondition></resprocessing><itemfeedback ident="QUES_283371_322137_IF1243920"><material><mattext texttype="text/plain" /></material></itemfeedback><itemfeedback ident="QUES_283371_322137_IF1243921"><material><mattext texttype="text/plain" /></material></itemfeedback><itemfeedback ident="QUES_283371_322137_IF1243922"><material><mattext texttype="text/plain" /></material></itemfeedback><itemfeedback ident="QUES_283371_322137_IF1243923"><material><mattext texttype="text/plain" /></material></itemfeedback></item><item ident="OBJ_1213409" label="QUES_283372_322138" d2l_2p0:page="1" title="The Content Template"><itemmetadata><qtimetadata><qti_metadatafield><fieldlabel>qmd_computerscored</fieldlabel><fieldentry>yes</fieldentry></qti_metadatafield><qti_metadatafield><fieldlabel>qmd_questiontype</fieldlabel><fieldentry>Text Information</fieldentry></qti_metadatafield><qti_metadatafield><fieldlabel>qmd_globalid</fieldlabel><fieldentry>90c2041d-1dd2-4a68-b300-ba316633b22f</fieldentry></qti_metadatafield><qti_metadatafield><fieldlabel>qmd_displayid</fieldlabel><fieldentry>AW_CAA_14S5_6541_0_0_0-67</fieldentry></qti_metadatafield></qtimetadata></itemmetadata><presentation><flow><material><mattext texttype="text/html">&lt;h1&gt;The Content Template&lt;/h1&gt;</mattext></material></flow></presentation></item><item ident="OBJ_1213410" label="QUES_283373_322139" d2l_2p0:page="1" title="Template experience"><itemmetadata><qtimetadata><qti_metadatafield><fieldlabel>qmd_computerscored</fieldlabel><fieldentry>yes</fieldentry></qti_metadatafield><qti_metadatafield><fieldlabel>qmd_questiontype</fieldlabel><fieldentry>Likert</fieldentry></qti_metadatafield><qti_metadatafield><fieldlabel>qmd_globalid</fieldlabel><fieldentry>eea97907-2ee4-48d8-8577-1c2586478c70</fieldentry></qti_metadatafield><qti_metadatafield><fieldlabel>qmd_displayid</fieldlabel><fieldentry>AW_CAA_14S5_6541_0_0_0-45</fieldentry></qti_metadatafield></qtimetadata></itemmetadata><itemproc_extension><d2l_2p0:difficulty>1</d2l_2p0:difficulty><d2l_2p0:isbonus>no</d2l_2p0:isbonus><d2l_2p0:ismandatory>no</d2l_2p0:ismandatory></itemproc_extension><presentation><flow><material><mattext texttype="text/html">&lt;p&gt;To what extent do you agree with the following statements &lt;strong&gt;as applied only to the material and activities delivered in the Content Template pages&lt;/strong&gt;?&lt;/p&gt;
&lt;p&gt;Please select an option for each statement.&lt;/p&gt;</mattext></material><d2l_2p0:scale>5</d2l_2p0:scale><response_grp respident="QUES_283373_322139_R" rcardinality="Single"><render_choice shuffle="no"><flow_label class="Block"><response_label ident="QUES_283373_322139_A1243925"><flow_mat><material><mattext texttype="text/html">&lt;p&gt;The text was easy to read&lt;/p&gt;</mattext></material></flow_mat></response_label><response_label ident="QUES_283373_322139_A1243926"><flow_mat><material><mattext texttype="text/html">&lt;p&gt;&lt;span&gt;I could easily distinguish between the different types of tasks and activities.&lt;/span&gt;&lt;/p&gt;</mattext></material></flow_mat></response_label><response_label ident="QUES_283373_322139_A1243927"><flow_mat><material><mattext texttype="text/html">&lt;p&gt;&lt;span&gt;I could navigate through the page content easily.&lt;/span&gt;&lt;/p&gt;</mattext></material></flow_mat></response_label><response_label ident="QUES_283373_322139_A1243928"><flow_mat><material><mattext texttype="text/html">&lt;p&gt;&lt;span&gt;I could easily identify important information.&lt;/span&gt;&lt;/p&gt;</mattext></material></flow_mat></response_label><response_label ident="QUES_283373_322139_A1243929"><flow_mat><material><mattext texttype="text/html">&lt;p&gt;&lt;span&gt;I liked the consistent design across pages.&lt;/span&gt;&lt;/p&gt;</mattext></material></flow_mat></response_label><response_label ident="QUES_283373_322139_A1243930"><flow_mat><material><mattext texttype="text/html">&lt;p&gt;&lt;span&gt;The &amp;lsquo;look and feel&amp;rsquo; of the content was uncluttered.&lt;/span&gt;&lt;/p&gt;</mattext></material></flow_mat></response_label><response_label ident="QUES_283373_322139_A1243931"><flow_mat><material><mattext texttype="text/html">&lt;p&gt;&lt;span&gt;The presentation style made it easy to engage with the content.&lt;/span&gt;&lt;/p&gt;</mattext></material></flow_mat></response_label><response_label ident="QUES_283373_322139_A1243932"><flow_mat><material><mattext texttype="text/html">&lt;p&gt;&lt;span&gt;I could easily access the information on the page.&lt;/span&gt;&lt;/p&gt;</mattext></material></flow_mat></response_label><response_label ident="QUES_283373_322139_A1243933"><flow_mat><material><mattext texttype="text/html">&lt;p&gt;&lt;span&gt;I could easily interact with the activities on the page.&lt;/span&gt;&lt;/p&gt;</mattext></material></flow_mat></response_label></flow_label></render_choice></response_grp></flow></presentation></item><item ident="OBJ_1213411" label="QUES_283374_322140" d2l_2p0:page="1" title="Technical Difficulties"><itemmetadata><qtimetadata><qti_metadatafield><fieldlabel>qmd_computerscored</fieldlabel><fieldentry>yes</fieldentry></qti_metadatafield><qti_metadatafield><fieldlabel>qmd_questiontype</fieldlabel><fieldentry>Multiple Choice</fieldentry></qti_metadatafield><qti_metadatafield><fieldlabel>qmd_globalid</fieldlabel><fieldentry>201b497d-afa2-4f0c-9e19-657fc87127de</fieldentry></qti_metadatafield><qti_metadatafield><fieldlabel>qmd_displayid</fieldlabel><fieldentry>AW_CAA_14S5_6541_0_0_0-47</fieldentry></qti_metadatafield></qtimetadata></itemmetadata><itemproc_extension><d2l_2p0:difficulty>1</d2l_2p0:difficulty><d2l_2p0:isbonus>no</d2l_2p0:isbonus><d2l_2p0:ismandatory>no</d2l_2p0:ismandatory></itemproc_extension><presentation><flow><material><mattext texttype="text/html">&lt;p&gt;Did you have any technical trouble when accessing the material and/or activities on Content Template pages?&lt;/p&gt;</mattext></material><response_extension><d2l_2p0:display_style>2</d2l_2p0:display_style><d2l_2p0:enumeration>6</d2l_2p0:enumeration><d2l_2p0:grading_type>0</d2l_2p0:grading_type></response_extension><response_lid ident="QUES_283374_322140_LID" rcardinality="Single"><render_choice shuffle="no"><flow_label class="Block"><response_label ident="QUES_283374_322140_A1243934"><flow_mat><material><mattext texttype="text/html">&lt;p&gt;Yes&lt;/p&gt;</mattext></material></flow_mat></response_label></flow_label><flow_label class="Block"><response_label ident="QUES_283374_322140_A1243935"><flow_mat><material><mattext texttype="text/html">&lt;p&gt;No,&amp;nbsp;Go to Question 6&lt;/p&gt;</mattext></material></flow_mat></response_label></flow_label></render_choice></response_lid></flow></presentation><resprocessing><respcondition title="Response Condition 1"><conditionvar><varequal respident="QUES_283374_322140_LID">QUES_283374_322140_A1243934</varequal></conditionvar><setvar action="Set">0.000000000</setvar><displayfeedback feedbacktype="Response" linkrefid="QUES_283374_322140_IF1243934" /></respcondition><respcondition title="Response Condition 2"><conditionvar><varequal respident="QUES_283374_322140_LID">QUES_283374_322140_A1243935</varequal></conditionvar><setvar action="Set">0.000000000</setvar><displayfeedback feedbacktype="Response" linkrefid="QUES_283374_322140_IF1243935" /></respcondition></resprocessing><itemfeedback ident="QUES_283374_322140_IF1243934"><material><mattext texttype="text/plain" /></material></itemfeedback><itemfeedback ident="QUES_283374_322140_IF1243935"><material><mattext texttype="text/plain" /></material></itemfeedback></item><item ident="OBJ_1213412" label="QUES_283375_322141" d2l_2p0:page="1" title="Technical Difficulties description"><itemmetadata><qtimetadata><qti_metadatafield><fieldlabel>qmd_computerscored</fieldlabel><fieldentry>yes</fieldentry></qti_metadatafield><qti_metadatafield><fieldlabel>qmd_questiontype</fieldlabel><fieldentry>Long Answer</fieldentry></qti_metadatafield><qti_metadatafield><fieldlabel>qmd_globalid</fieldlabel><fieldentry>58441979-6673-4bf6-9e25-0133516f0d9e</fieldentry></qti_metadatafield><qti_metadatafield><fieldlabel>qmd_displayid</fieldlabel><fieldentry>AW_CAA_14S5_6541_0_0_0-48</fieldentry></qti_metadatafield></qtimetadata></itemmetadata><itemproc_extension><d2l_2p0:difficulty>1</d2l_2p0:difficulty><d2l_2p0:isbonus>no</d2l_2p0:isbonus><d2l_2p0:ismandatory>no</d2l_2p0:ismandatory></itemproc_extension><presentation><flow><material><mattext texttype="text/html">&lt;p&gt;If you answered yes to the previous question, please describe the technical difficulties.&lt;/p&gt;
&lt;p&gt;Please also describe how these problems were overcome, if relevant&lt;/p&gt;</mattext></material><response_extension><d2l_2p0:has_signed_comments>no</d2l_2p0:has_signed_comments><d2l_2p0:has_htmleditor>no</d2l_2p0:has_htmleditor></response_extension><response_str ident="QUES_283375_322141_STR" rcardinality="Multiple"><render_fib rows="5" columns="40" prompt="Box" fibtype="String"><response_label ident="QUES_283375_322141_LA"><material><mattext texttype="text/plain" /></material></response_label></render_fib></response_str></flow></presentation></item><item ident="OBJ_1213413" label="QUES_283376_322142" d2l_2p0:page="1" title="importance of characteristics"><itemmetadata><qtimetadata><qti_metadatafield><fieldlabel>qmd_computerscored</fieldlabel><fieldentry>yes</fieldentry></qti_metadatafield><qti_metadatafield><fieldlabel>qmd_questiontype</fieldlabel><fieldentry>Ordering</fieldentry></qti_metadatafield><qti_metadatafield><fieldlabel>qmd_globalid</fieldlabel><fieldentry>74b854f5-34f8-40f4-a55a-b3692ff21911</fieldentry></qti_metadatafield><qti_metadatafield><fieldlabel>qmd_displayid</fieldlabel><fieldentry>AW_CAA_14S5_6541_0_0_0-50</fieldentry></qti_metadatafield></qtimetadata></itemmetadata><itemproc_extension><d2l_2p0:difficulty>1</d2l_2p0:difficulty><d2l_2p0:isbonus>no</d2l_2p0:isbonus><d2l_2p0:ismandatory>no</d2l_2p0:ismandatory></itemproc_extension><presentation><flow><material><mattext texttype="text/html">&lt;p&gt;Please rank the following MyLO presentation characteristics in order of what you consider to be most important for the quality of your learning experience (starting with 1 for the highest importance).&lt;/p&gt;</mattext></material><response_extension><d2l_2p0:grading_type>1</d2l_2p0:grading_type></response_extension><response_grp respident="QUES_283376_322142_O" rcardinality="Ordered"><render_choice shuffle="yes"><flow_label class="Block"><response_label ident="QUES_283376_322142_O1243937"><flow_mat><material><mattext texttype="text/html">&lt;p&gt;&lt;span&gt;Consistent look and feel of content across pages&lt;/span&gt;&lt;/p&gt;</mattext></material></flow_mat></response_label><response_label ident="QUES_283376_322142_O1243938"><flow_mat><material><mattext texttype="text/html">&lt;p&gt;&lt;span&gt;Ease of navigation&lt;/span&gt;&lt;/p&gt;</mattext></material></flow_mat></response_label><response_label ident="QUES_283376_322142_O1243939"><flow_mat><material><mattext texttype="text/html">&lt;p&gt;&lt;span&gt;Uncluttered, clean layout&lt;/span&gt;&lt;/p&gt;</mattext></material></flow_mat></response_label><response_label ident="QUES_283376_322142_O1243940"><flow_mat><material><mattext texttype="text/html">&lt;p&gt;&lt;span&gt;Attractive fonts and colours&lt;/span&gt;&lt;/p&gt;</mattext></material></flow_mat></response_label><response_label ident="QUES_283376_322142_O1243941"><flow_mat><material><mattext texttype="text/html">&lt;p&gt;&lt;span&gt;Simple, clear language&lt;/span&gt;&lt;/p&gt;</mattext></material></flow_mat></response_label><response_label ident="QUES_283376_322142_O1243942"><flow_mat><material><mattext texttype="text/html">&lt;p&gt;&lt;span&gt;Interactive activities&lt;/span&gt;&lt;/p&gt;</mattext></material></flow_mat></response_label><response_label ident="QUES_283376_322142_O1243943"><flow_mat><material><mattext texttype="text/html">&lt;p&gt;&lt;span&gt;Quality of the information on the page&lt;/span&gt;&lt;/p&gt;</mattext></material></flow_mat></response_label><response_label ident="QUES_283376_322142_O1243944"><flow_mat><material><mattext texttype="text/html">&lt;p&gt;&lt;span&gt;Videos and activities embedded directly in the page&lt;/span&gt;&lt;/p&gt;</mattext></material></flow_mat></response_label><response_label ident="QUES_283376_322142_O1243945"><flow_mat><material><mattext texttype="text/html">&lt;p&gt;&lt;span&gt;Ease of identifying important information&lt;/span&gt;&lt;/p&gt;</mattext></material></flow_mat></response_label></flow_label></render_choice></response_grp></flow></presentation><resprocessing><outcomes><decvar vartype="Integer" defaultval="0" varname="D2L_Correct" minvalue="0" maxvalue="100" /><decvar vartype="Integer" defaultval="0" varname="D2L_Incorrect" minvalue="0" /><decvar vartype="Integer" defaultval="0" varname="que_score" minvalue="0" /></outcomes><respcondition title="Correct Condition"><conditionvar><varequal respident="QUES_283376_322142_O1243937">1</varequal></conditionvar><setvar varname="D2L_Correct" action="Add">1</setvar></respcondition><respcondition title="Incorrect Condition"><conditionvar><not><varequal respident="QUES_283376_322142_O1243937">1</varequal></not></conditionvar><setvar varname="D2L_Incorrect" action="Add">1</setvar></respcondition><respcondition title="Correct Condition"><conditionvar><varequal respident="QUES_283376_322142_O1243938">2</varequal></conditionvar><setvar varname="D2L_Correct" action="Add">1</setvar></respcondition><respcondition title="Incorrect Condition"><conditionvar><not><varequal respident="QUES_283376_322142_O1243938">2</varequal></not></conditionvar><setvar varname="D2L_Incorrect" action="Add">1</setvar></respcondition><respcondition title="Correct Condition"><conditionvar><varequal respident="QUES_283376_322142_O1243939">3</varequal></conditionvar><setvar varname="D2L_Correct" action="Add">1</setvar></respcondition><respcondition title="Incorrect Condition"><conditionvar><not><varequal respident="QUES_283376_322142_O1243939">3</varequal></not></conditionvar><setvar varname="D2L_Incorrect" action="Add">1</setvar></respcondition><respcondition title="Correct Condition"><conditionvar><varequal respident="QUES_283376_322142_O1243940">4</varequal></conditionvar><setvar varname="D2L_Correct" action="Add">1</setvar></respcondition><respcondition title="Incorrect Condition"><conditionvar><not><varequal respident="QUES_283376_322142_O1243940">4</varequal></not></conditionvar><setvar varname="D2L_Incorrect" action="Add">1</setvar></respcondition><respcondition title="Correct Condition"><conditionvar><varequal respident="QUES_283376_322142_O1243941">5</varequal></conditionvar><setvar varname="D2L_Correct" action="Add">1</setvar></respcondition><respcondition title="Incorrect Condition"><conditionvar><not><varequal respident="QUES_283376_322142_O1243941">5</varequal></not></conditionvar><setvar varname="D2L_Incorrect" action="Add">1</setvar></respcondition><respcondition title="Correct Condition"><conditionvar><varequal respident="QUES_283376_322142_O1243942">6</varequal></conditionvar><setvar varname="D2L_Correct" action="Add">1</setvar></respcondition><respcondition title="Incorrect Condition"><conditionvar><not><varequal respident="QUES_283376_322142_O1243942">6</varequal></not></conditionvar><setvar varname="D2L_Incorrect" action="Add">1</setvar></respcondition><respcondition title="Correct Condition"><conditionvar><varequal respident="QUES_283376_322142_O1243943">7</varequal></conditionvar><setvar varname="D2L_Correct" action="Add">1</setvar></respcondition><respcondition title="Incorrect Condition"><conditionvar><not><varequal respident="QUES_283376_322142_O1243943">7</varequal></not></conditionvar><setvar varname="D2L_Incorrect" action="Add">1</setvar></respcondition><respcondition title="Correct Condition"><conditionvar><varequal respident="QUES_283376_322142_O1243944">8</varequal></conditionvar><setvar varname="D2L_Correct" action="Add">1</setvar></respcondition><respcondition title="Incorrect Condition"><conditionvar><not><varequal respident="QUES_283376_322142_O1243944">8</varequal></not></conditionvar><setvar varname="D2L_Incorrect" action="Add">1</setvar></respcondition><respcondition title="Correct Condition"><conditionvar><varequal respident="QUES_283376_322142_O1243945">9</varequal></conditionvar><setvar varname="D2L_Correct" action="Add">1</setvar></respcondition><respcondition title="Incorrect Condition"><conditionvar><not><varequal respident="QUES_283376_322142_O1243945">9</varequal></not></conditionvar><setvar varname="D2L_Incorrect" action="Add">1</setvar></respcondition><respcondition><conditionvar><vargte respident="D2L_Incorrect">0</vargte></conditionvar><setvar varname="que_score" action="Set">0</setvar></respcondition><respcondition><conditionvar><varequal respident="D2L_Incorrect">0</varequal></conditionvar><setvar varname="que_score" action="Set">1</setvar></respcondition></resprocessing><itemfeedback ident="QUES_283376_322142_IF1243937"><material><mattext texttype="text/plain" /></material></itemfeedback><itemfeedback ident="QUES_283376_322142_IF1243938"><material><mattext texttype="text/plain" /></material></itemfeedback><itemfeedback ident="QUES_283376_322142_IF1243939"><material><mattext texttype="text/plain" /></material></itemfeedback><itemfeedback ident="QUES_283376_322142_IF1243940"><material><mattext texttype="text/plain" /></material></itemfeedback><itemfeedback ident="QUES_283376_322142_IF1243941"><material><mattext texttype="text/plain" /></material></itemfeedback><itemfeedback ident="QUES_283376_322142_IF1243942"><material><mattext texttype="text/plain" /></material></itemfeedback><itemfeedback ident="QUES_283376_322142_IF1243943"><material><mattext texttype="text/plain" /></material></itemfeedback><itemfeedback ident="QUES_283376_322142_IF1243944"><material><mattext texttype="text/plain" /></material></itemfeedback><itemfeedback ident="QUES_283376_322142_IF1243945"><material><mattext texttype="text/plain" /></material></itemfeedback></item><item ident="OBJ_1213414" label="QUES_283377_322143" d2l_2p0:page="1" title="Non-template units"><itemmetadata><qtimetadata><qti_metadatafield><fieldlabel>qmd_computerscored</fieldlabel><fieldentry>yes</fieldentry></qti_metadatafield><qti_metadatafield><fieldlabel>qmd_questiontype</fieldlabel><fieldentry>Multiple Choice</fieldentry></qti_metadatafield><qti_metadatafield><fieldlabel>qmd_globalid</fieldlabel><fieldentry>97fc9b57-3fd3-4cdb-aa04-d9142d27db84</fieldentry></qti_metadatafield><qti_metadatafield><fieldlabel>qmd_displayid</fieldlabel><fieldentry>AW_CAA_14S5_6541_0_0_0-53</fieldentry></qti_metadatafield></qtimetadata></itemmetadata><itemproc_extension><d2l_2p0:difficulty>1</d2l_2p0:difficulty><d2l_2p0:isbonus>no</d2l_2p0:isbonus><d2l_2p0:ismandatory>no</d2l_2p0:ismandatory></itemproc_extension><presentation><flow><material><mattext texttype="text/html">&lt;p&gt;Do you also study University of Tasmania MyLO units that do not use the Content Template?&lt;/p&gt;</mattext></material><response_extension><d2l_2p0:display_style>2</d2l_2p0:display_style><d2l_2p0:enumeration>6</d2l_2p0:enumeration><d2l_2p0:grading_type>0</d2l_2p0:grading_type></response_extension><response_lid ident="QUES_283377_322143_LID" rcardinality="Single"><render_choice shuffle="no"><flow_label class="Block"><response_label ident="QUES_283377_322143_A1243946"><flow_mat><material><mattext texttype="text/html">&lt;p&gt;Yes&lt;/p&gt;</mattext></material></flow_mat></response_label></flow_label><flow_label class="Block"><response_label ident="QUES_283377_322143_A1243947"><flow_mat><material><mattext texttype="text/html">&lt;p&gt;No,&amp;nbsp;Go to Question 10&lt;/p&gt;</mattext></material></flow_mat></response_label></flow_label></render_choice></response_lid></flow></presentation><resprocessing><respcondition title="Response Condition 1"><conditionvar><varequal respident="QUES_283377_322143_LID">QUES_283377_322143_A1243946</varequal></conditionvar><setvar action="Set">0.000000000</setvar><displayfeedback feedbacktype="Response" linkrefid="QUES_283377_322143_IF1243946" /></respcondition><respcondition title="Response Condition 2"><conditionvar><varequal respident="QUES_283377_322143_LID">QUES_283377_322143_A1243947</varequal></conditionvar><setvar action="Set">0.000000000</setvar><displayfeedback feedbacktype="Response" linkrefid="QUES_283377_322143_IF1243947" /></respcondition></resprocessing><itemfeedback ident="QUES_283377_322143_IF1243946"><material><mattext texttype="text/plain" /></material></itemfeedback><itemfeedback ident="QUES_283377_322143_IF1243947"><material><mattext texttype="text/html">&lt;p&gt;Go to Question 10&lt;strong&gt;&lt;/strong&gt;&lt;/p&gt;</mattext></material></itemfeedback></item><item ident="OBJ_1213415" label="QUES_283378_322144" d2l_2p0:page="1" title="Comparison of Experience"><itemmetadata><qtimetadata><qti_metadatafield><fieldlabel>qmd_computerscored</fieldlabel><fieldentry>yes</fieldentry></qti_metadatafield><qti_metadatafield><fieldlabel>qmd_questiontype</fieldlabel><fieldentry>Multiple Choice</fieldentry></qti_metadatafield><qti_metadatafield><fieldlabel>qmd_globalid</fieldlabel><fieldentry>04ed82d4-ccb0-45e5-a2c7-3dcc956c7776</fieldentry></qti_metadatafield><qti_metadatafield><fieldlabel>qmd_displayid</fieldlabel><fieldentry>AW_CAA_14S5_6541_0_0_0-56</fieldentry></qti_metadatafield></qtimetadata></itemmetadata><itemproc_extension><d2l_2p0:difficulty>1</d2l_2p0:difficulty><d2l_2p0:isbonus>no</d2l_2p0:isbonus><d2l_2p0:ismandatory>no</d2l_2p0:ismandatory></itemproc_extension><presentation><flow><material><mattext texttype="text/html">&lt;p&gt;If you answered yes to the previous question, please complare your experience of units that used the template with other MyLO units&lt;/p&gt;</mattext></material><response_extension><d2l_2p0:display_style>2</d2l_2p0:display_style><d2l_2p0:enumeration>6</d2l_2p0:enumeration><d2l_2p0:grading_type>0</d2l_2p0:grading_type></response_extension><response_lid ident="QUES_283378_322144_LID" rcardinality="Single"><render_choice shuffle="no"><flow_label class="Block"><response_label ident="QUES_283378_322144_A1243948"><flow_mat><material><mattext texttype="text/html">&lt;p&gt;&lt;span&gt;MyLO units &lt;i&gt;with&lt;/i&gt; the Content Templates offer a better learning experience.&lt;/span&gt;&lt;/p&gt;</mattext></material></flow_mat></response_label></flow_label><flow_label class="Block"><response_label ident="QUES_283378_322144_A1243949"><flow_mat><material><mattext texttype="text/html">&lt;p&gt;&lt;span&gt;MyLO units &lt;i&gt;without&lt;/i&gt; the Content Template offer a better learning experience.&lt;/span&gt;&lt;/p&gt;</mattext></material></flow_mat></response_label></flow_label><flow_label class="Block"><response_label ident="QUES_283378_322144_A1243950"><flow_mat><material><mattext texttype="text/html">&lt;p&gt;&lt;span&gt;The learning experience is the same.&lt;/span&gt;&lt;/p&gt;</mattext></material></flow_mat></response_label></flow_label><flow_label class="Block"><response_label ident="QUES_283378_322144_A1243951"><flow_mat><material><mattext texttype="text/html">&lt;p&gt;&lt;span&gt;No opinion.&lt;/span&gt;&lt;/p&gt;</mattext></material></flow_mat></response_label></flow_label></render_choice></response_lid></flow></presentation><resprocessing><respcondition title="Response Condition 1"><conditionvar><varequal respident="QUES_283378_322144_LID">QUES_283378_322144_A1243948</varequal></conditionvar><setvar action="Set">0.000000000</setvar><displayfeedback feedbacktype="Response" linkrefid="QUES_283378_322144_IF1243948" /></respcondition><respcondition title="Response Condition 2"><conditionvar><varequal respident="QUES_283378_322144_LID">QUES_283378_322144_A1243949</varequal></conditionvar><setvar action="Set">0.000000000</setvar><displayfeedback feedbacktype="Response" linkrefid="QUES_283378_322144_IF1243949" /></respcondition><respcondition title="Response Condition 3"><conditionvar><varequal respident="QUES_283378_322144_LID">QUES_283378_322144_A1243950</varequal></conditionvar><setvar action="Set">0.000000000</setvar><displayfeedback feedbacktype="Response" linkrefid="QUES_283378_322144_IF1243950" /></respcondition><respcondition title="Response Condition 4"><conditionvar><varequal respident="QUES_283378_322144_LID">QUES_283378_322144_A1243951</varequal></conditionvar><setvar action="Set">0.000000000</setvar><displayfeedback feedbacktype="Response" linkrefid="QUES_283378_322144_IF1243951" /></respcondition></resprocessing><itemfeedback ident="QUES_283378_322144_IF1243948"><material><mattext texttype="text/plain" /></material></itemfeedback><itemfeedback ident="QUES_283378_322144_IF1243949"><material><mattext texttype="text/plain" /></material></itemfeedback><itemfeedback ident="QUES_283378_322144_IF1243950"><material><mattext texttype="text/plain" /></material></itemfeedback><itemfeedback ident="QUES_283378_322144_IF1243951"><material><mattext texttype="text/plain" /></material></itemfeedback></item><item ident="OBJ_1213416" label="QUES_283379_322145" d2l_2p0:page="1"><itemmetadata><qtimetadata><qti_metadatafield><fieldlabel>qmd_computerscored</fieldlabel><fieldentry>yes</fieldentry></qti_metadatafield><qti_metadatafield><fieldlabel>qmd_questiontype</fieldlabel><fieldentry>Long Answer</fieldentry></qti_metadatafield><qti_metadatafield><fieldlabel>qmd_globalid</fieldlabel><fieldentry>40dfcbe3-66f9-4ebc-8db3-414aeeec9392</fieldentry></qti_metadatafield><qti_metadatafield><fieldlabel>qmd_displayid</fieldlabel><fieldentry>AW_CAA_14S5_6541_0_0_0-57</fieldentry></qti_metadatafield></qtimetadata></itemmetadata><itemproc_extension><d2l_2p0:difficulty>1</d2l_2p0:difficulty><d2l_2p0:isbonus>no</d2l_2p0:isbonus><d2l_2p0:ismandatory>no</d2l_2p0:ismandatory></itemproc_extension><presentation><flow><material><mattext texttype="text/html">&lt;p&gt;If you answered yes to question 7, please explain which aspects you considered to be better in question 8 and why.&amp;nbsp;&lt;/p&gt;</mattext></material><response_extension><d2l_2p0:has_signed_comments>no</d2l_2p0:has_signed_comments><d2l_2p0:has_htmleditor>no</d2l_2p0:has_htmleditor></response_extension><response_str ident="QUES_283379_322145_STR" rcardinality="Multiple"><render_fib rows="5" columns="40" prompt="Box" fibtype="String"><response_label ident="QUES_283379_322145_LA"><material><mattext texttype="text/plain" /></material></response_label></render_fib></response_str></flow></presentation></item><item ident="OBJ_1213417" label="QUES_283380_322146" d2l_2p0:page="1" title="Interactive Activities"><itemmetadata><qtimetadata><qti_metadatafield><fieldlabel>qmd_computerscored</fieldlabel><fieldentry>yes</fieldentry></qti_metadatafield><qti_metadatafield><fieldlabel>qmd_questiontype</fieldlabel><fieldentry>Text Information</fieldentry></qti_metadatafield><qti_metadatafield><fieldlabel>qmd_globalid</fieldlabel><fieldentry>cc407ea5-45d0-48d8-9e6d-81b5e4b1f36f</fieldentry></qti_metadatafield><qti_metadatafield><fieldlabel>qmd_displayid</fieldlabel><fieldentry>AW_CAA_14S5_6541_0_0_0-68</fieldentry></qti_metadatafield></qtimetadata></itemmetadata><presentation><flow><material><mattext texttype="text/html">&lt;h1&gt;Interactive Activities&lt;/h1&gt;</mattext></material></flow></presentation></item><item ident="OBJ_1213418" label="QUES_283381_322147" d2l_2p0:page="1" title="Interactive activities used"><itemmetadata><qtimetadata><qti_metadatafield><fieldlabel>qmd_computerscored</fieldlabel><fieldentry>yes</fieldentry></qti_metadatafield><qti_metadatafield><fieldlabel>qmd_questiontype</fieldlabel><fieldentry>Multi-Select</fieldentry></qti_metadatafield><qti_metadatafield><fieldlabel>qmd_globalid</fieldlabel><fieldentry>bb2d4698-ea9e-4f4c-a471-e9e21f1655da</fieldentry></qti_metadatafield><qti_metadatafield><fieldlabel>qmd_displayid</fieldlabel><fieldentry>AW_CAA_14S5_6541_0_0_0-58</fieldentry></qti_metadatafield></qtimetadata></itemmetadata><itemproc_extension><d2l_2p0:difficulty>1</d2l_2p0:difficulty><d2l_2p0:isbonus>no</d2l_2p0:isbonus><d2l_2p0:ismandatory>no</d2l_2p0:ismandatory></itemproc_extension><presentation><flow><material><mattext texttype="text/html">&lt;p&gt;Please select any Content Template Interactive Activities you engaged with.&lt;/p&gt;</mattext></material><response_extension><d2l_2p0:display_style>2</d2l_2p0:display_style><d2l_2p0:enumeration>6</d2l_2p0:enumeration><d2l_2p0:grading_type>0</d2l_2p0:grading_type></response_extension><response_lid ident="QUES_283381_322147_LID" rcardinality="Multiple"><render_choice shuffle="no"><flow_label class="Block"><response_label ident="QUES_283381_322147_A1243954"><flow_mat><material><mattext texttype="text/html">&lt;p&gt;Sorting task, i.e. sequencing terms.&lt;/p&gt;</mattext></material></flow_mat></response_label></flow_label><flow_label class="Block"><response_label ident="QUES_283381_322147_A1243955"><flow_mat><material><mattext texttype="text/html">&lt;p&gt;Grouping, i.e divide one list into two.&lt;/p&gt;</mattext></material></flow_mat></response_label></flow_label><flow_label class="Block"><response_label ident="QUES_283381_322147_A1243956"><flow_mat><material><mattext texttype="text/html">&lt;p&gt;Multiple choice, ie. select an option (text or image) and receive instant feedback.&lt;/p&gt;</mattext></material></flow_mat></response_label></flow_label></render_choice></response_lid></flow></presentation><resprocessing><outcomes><decvar vartype="Integer" defaultval="0" /></outcomes><respcondition title="Scoring for the correct answers" continue="yes"><conditionvar><not><varequal respident="QUES_283381_322147_LID">QUES_283381_322147_A1243954</varequal><varequal respident="QUES_283381_322147_LID">QUES_283381_322147_A1243955</varequal><varequal respident="QUES_283381_322147_LID">QUES_283381_322147_A1243956</varequal></not></conditionvar><setvar action="Add">1</setvar></respcondition><respcondition title="Scoring for the incorrect answers" continue="no"><conditionvar><and><not><not><varequal respident="QUES_283381_322147_LID">QUES_283381_322147_A1243954</varequal><varequal respident="QUES_283381_322147_LID">QUES_283381_322147_A1243955</varequal><varequal respident="QUES_283381_322147_LID">QUES_283381_322147_A1243956</varequal></not></not></and></conditionvar><setvar action="Add">0</setvar></respcondition></resprocessing><itemfeedback ident="QUES_283381_322147_IF1243954"><material><mattext texttype="text/plain" /></material></itemfeedback><itemfeedback ident="QUES_283381_322147_IF1243955"><material><mattext texttype="text/plain" /></material></itemfeedback><itemfeedback ident="QUES_283381_322147_IF1243956"><material><mattext texttype="text/plain" /></material></itemfeedback></item><item ident="OBJ_1213419" label="QUES_283382_322148" d2l_2p0:page="1"><itemmetadata><qtimetadata><qti_metadatafield><fieldlabel>qmd_computerscored</fieldlabel><fieldentry>yes</fieldentry></qti_metadatafield><qti_metadatafield><fieldlabel>qmd_questiontype</fieldlabel><fieldentry>Likert</fieldentry></qti_metadatafield><qti_metadatafield><fieldlabel>qmd_globalid</fieldlabel><fieldentry>7455ce98-9cac-4fc5-9389-6034b064dd24</fieldentry></qti_metadatafield><qti_metadatafield><fieldlabel>qmd_displayid</fieldlabel><fieldentry>AW_CAA_14S5_6541_0_0_0-59</fieldentry></qti_metadatafield></qtimetadata></itemmetadata><itemproc_extension><d2l_2p0:difficulty>1</d2l_2p0:difficulty><d2l_2p0:isbonus>no</d2l_2p0:isbonus><d2l_2p0:ismandatory>no</d2l_2p0:ismandatory></itemproc_extension><presentation><flow><material><mattext texttype="text/html">&lt;p&gt;Please rate the extent to which you agree with the following statements, &lt;strong&gt;as applied only to the material and activities delivered in the Content Template&lt;/strong&gt;.&lt;/p&gt;</mattext></material><d2l_2p0:scale>5</d2l_2p0:scale><response_grp respident="QUES_283382_322148_R" rcardinality="Single"><render_choice shuffle="no"><flow_label class="Block"><response_label ident="QUES_283382_322148_A1243957"><flow_mat><material><mattext texttype="text/html">&lt;p&gt;The instructions&amp;nbsp;&lt;span&gt;for interacting with the activity were clear.&lt;/span&gt;&lt;/p&gt;</mattext></material></flow_mat></response_label><response_label ident="QUES_283382_322148_A1243958"><flow_mat><material><mattext texttype="text/html">&lt;p&gt;&lt;span&gt;The Interactive Activities worked without any problems.&lt;/span&gt;&lt;/p&gt;</mattext></material></flow_mat></response_label><response_label ident="QUES_283382_322148_A1243959"><flow_mat><material><mattext texttype="text/html">&lt;p&gt;&lt;span&gt;The Interactive Activities contributed to my understanding of the unit material.&lt;/span&gt;&lt;/p&gt;</mattext></material></flow_mat></response_label></flow_label></render_choice></response_grp></flow></presentation></item><item ident="OBJ_1213420" label="QUES_283383_322149" d2l_2p0:page="1" title="Accessibility"><itemmetadata><qtimetadata><qti_metadatafield><fieldlabel>qmd_computerscored</fieldlabel><fieldentry>yes</fieldentry></qti_metadatafield><qti_metadatafield><fieldlabel>qmd_questiontype</fieldlabel><fieldentry>Text Information</fieldentry></qti_metadatafield><qti_metadatafield><fieldlabel>qmd_globalid</fieldlabel><fieldentry>fba518f4-a60a-4634-8c5e-99680380706a</fieldentry></qti_metadatafield><qti_metadatafield><fieldlabel>qmd_displayid</fieldlabel><fieldentry>AW_CAA_14S5_6541_0_0_0-69</fieldentry></qti_metadatafield></qtimetadata></itemmetadata><presentation><flow><material><mattext texttype="text/html">&lt;h1&gt;Accessibility&lt;/h1&gt;</mattext></material></flow></presentation></item><item ident="OBJ_1213421" label="QUES_283384_322150" d2l_2p0:page="1" title="Assistive techologies"><itemmetadata><qtimetadata><qti_metadatafield><fieldlabel>qmd_computerscored</fieldlabel><fieldentry>yes</fieldentry></qti_metadatafield><qti_metadatafield><fieldlabel>qmd_questiontype</fieldlabel><fieldentry>Multiple Choice</fieldentry></qti_metadatafield><qti_metadatafield><fieldlabel>qmd_globalid</fieldlabel><fieldentry>208de444-d47b-45a8-b877-e6cbbff43c65</fieldentry></qti_metadatafield><qti_metadatafield><fieldlabel>qmd_displayid</fieldlabel><fieldentry>AW_CAA_14S5_6541_0_0_0-61</fieldentry></qti_metadatafield></qtimetadata></itemmetadata><itemproc_extension><d2l_2p0:difficulty>1</d2l_2p0:difficulty><d2l_2p0:isbonus>no</d2l_2p0:isbonus><d2l_2p0:ismandatory>no</d2l_2p0:ismandatory></itemproc_extension><presentation><flow><material><mattext texttype="text/html">&lt;p&gt;Do you use Assistive Technologies to access MyLO content?&lt;/p&gt;
&lt;p&gt;(Assistive Technologies are used to enhance the functional independence of a person with a disability, and include technologies such as a Screen Reader, a Head Wand, or Voice-recognition Software.)&lt;/p&gt;</mattext></material><response_extension><d2l_2p0:display_style>2</d2l_2p0:display_style><d2l_2p0:enumeration>6</d2l_2p0:enumeration><d2l_2p0:grading_type>0</d2l_2p0:grading_type></response_extension><response_lid ident="QUES_283384_322150_LID" rcardinality="Single"><render_choice shuffle="no"><flow_label class="Block"><response_label ident="QUES_283384_322150_A1243961"><flow_mat><material><mattext texttype="text/html">&lt;p&gt;Yes&lt;/p&gt;</mattext></material></flow_mat></response_label></flow_label><flow_label class="Block"><response_label ident="QUES_283384_322150_A1243962"><flow_mat><material><mattext texttype="text/html">&lt;p&gt;No, go to quesiton 14.&lt;/p&gt;</mattext></material></flow_mat></response_label></flow_label></render_choice></response_lid></flow></presentation><resprocessing><respcondition title="Response Condition 1"><conditionvar><varequal respident="QUES_283384_322150_LID">QUES_283384_322150_A1243961</varequal></conditionvar><setvar action="Set">0.000000000</setvar><displayfeedback feedbacktype="Response" linkrefid="QUES_283384_322150_IF1243961" /></respcondition><respcondition title="Response Condition 2"><conditionvar><varequal respident="QUES_283384_322150_LID">QUES_283384_322150_A1243962</varequal></conditionvar><setvar action="Set">0.000000000</setvar><displayfeedback feedbacktype="Response" linkrefid="QUES_283384_322150_IF1243962" /></respcondition></resprocessing><itemfeedback ident="QUES_283384_322150_IF1243961"><material><mattext texttype="text/plain" /></material></itemfeedback><itemfeedback ident="QUES_283384_322150_IF1243962"><material><mattext texttype="text/plain" /></material></itemfeedback></item><item ident="OBJ_1213422" label="QUES_283385_322151" d2l_2p0:page="1"><itemmetadata><qtimetadata><qti_metadatafield><fieldlabel>qmd_computerscored</fieldlabel><fieldentry>yes</fieldentry></qti_metadatafield><qti_metadatafield><fieldlabel>qmd_questiontype</fieldlabel><fieldentry>Long Answer</fieldentry></qti_metadatafield><qti_metadatafield><fieldlabel>qmd_globalid</fieldlabel><fieldentry>34dccbb4-e503-4a91-ad94-a258fdc31ee9</fieldentry></qti_metadatafield><qti_metadatafield><fieldlabel>qmd_displayid</fieldlabel><fieldentry>AW_CAA_14S5_6541_0_0_0-62</fieldentry></qti_metadatafield></qtimetadata></itemmetadata><itemproc_extension><d2l_2p0:difficulty>1</d2l_2p0:difficulty><d2l_2p0:isbonus>no</d2l_2p0:isbonus><d2l_2p0:ismandatory>no</d2l_2p0:ismandatory></itemproc_extension><presentation><flow><material><mattext texttype="text/html">&lt;p&gt;If yes, what type of assisitve Technologies do you use?&lt;/p&gt;</mattext></material><response_extension><d2l_2p0:has_signed_comments>no</d2l_2p0:has_signed_comments><d2l_2p0:has_htmleditor>no</d2l_2p0:has_htmleditor></response_extension><response_str ident="QUES_283385_322151_STR" rcardinality="Multiple"><render_fib rows="5" columns="40" prompt="Box" fibtype="String"><response_label ident="QUES_283385_322151_LA"><material><mattext texttype="text/plain" /></material></response_label></render_fib></response_str></flow></presentation></item><item ident="OBJ_1213423" label="QUES_283386_322152" d2l_2p0:page="1" title="Devices"><itemmetadata><qtimetadata><qti_metadatafield><fieldlabel>qmd_computerscored</fieldlabel><fieldentry>yes</fieldentry></qti_metadatafield><qti_metadatafield><fieldlabel>qmd_questiontype</fieldlabel><fieldentry>Multi-Select</fieldentry></qti_metadatafield><qti_metadatafield><fieldlabel>qmd_globalid</fieldlabel><fieldentry>cc83b71d-a6d1-4411-8317-38c0c8e39c51</fieldentry></qti_metadatafield><qti_metadatafield><fieldlabel>qmd_displayid</fieldlabel><fieldentry>AW_CAA_14S5_6541_0_0_0-63</fieldentry></qti_metadatafield></qtimetadata></itemmetadata><itemproc_extension><d2l_2p0:difficulty>1</d2l_2p0:difficulty><d2l_2p0:isbonus>no</d2l_2p0:isbonus><d2l_2p0:ismandatory>no</d2l_2p0:ismandatory></itemproc_extension><presentation><flow><material><mattext texttype="text/html">&lt;p&gt;What types of computing devices do you use to access your MyLO courses?&lt;/p&gt;</mattext></material><response_extension><d2l_2p0:display_style>2</d2l_2p0:display_style><d2l_2p0:enumeration>6</d2l_2p0:enumeration><d2l_2p0:grading_type>0</d2l_2p0:grading_type></response_extension><response_lid ident="QUES_283386_322152_LID" rcardinality="Multiple"><render_choice shuffle="no"><flow_label class="Block"><response_label ident="QUES_283386_322152_A1243964"><flow_mat><material><mattext texttype="text/html">&lt;p&gt;Desktop computer&lt;/p&gt;</mattext></material></flow_mat></response_label></flow_label><flow_label class="Block"><response_label ident="QUES_283386_322152_A1243965"><flow_mat><material><mattext texttype="text/html">&lt;p&gt;Tablet device (e.g. iPad, Microsoft Surface, etc.)&lt;/p&gt;</mattext></material></flow_mat></response_label></flow_label><flow_label class="Block"><response_label ident="QUES_283386_322152_A1243966"><flow_mat><material><mattext texttype="text/html">&lt;p&gt;Mobile phone (e.g. iPhone, Galaxy, Android, etc.)&lt;/p&gt;</mattext></material></flow_mat></response_label></flow_label></render_choice></response_lid></flow></presentation><resprocessing><outcomes><decvar vartype="Integer" defaultval="0" /></outcomes><respcondition title="Scoring for the correct answers" continue="yes"><conditionvar><not><varequal respident="QUES_283386_322152_LID">QUES_283386_322152_A1243964</varequal><varequal respident="QUES_283386_322152_LID">QUES_283386_322152_A1243965</varequal><varequal respident="QUES_283386_322152_LID">QUES_283386_322152_A1243966</varequal></not></conditionvar><setvar action="Add">1</setvar></respcondition><respcondition title="Scoring for the incorrect answers" continue="no"><conditionvar><and><not><not><varequal respident="QUES_283386_322152_LID">QUES_283386_322152_A1243964</varequal><varequal respident="QUES_283386_322152_LID">QUES_283386_322152_A1243965</varequal><varequal respident="QUES_283386_322152_LID">QUES_283386_322152_A1243966</varequal></not></not></and></conditionvar><setvar action="Add">0</setvar></respcondition></resprocessing><itemfeedback ident="QUES_283386_322152_IF1243964"><material><mattext texttype="text/plain" /></material></itemfeedback><itemfeedback ident="QUES_283386_322152_IF1243965"><material><mattext texttype="text/plain" /></material></itemfeedback><itemfeedback ident="QUES_283386_322152_IF1243966"><material><mattext texttype="text/plain" /></material></itemfeedback></item><item ident="OBJ_1213424" label="QUES_283387_322153" d2l_2p0:page="1" title="Conclusion"><itemmetadata><qtimetadata><qti_metadatafield><fieldlabel>qmd_computerscored</fieldlabel><fieldentry>yes</fieldentry></qti_metadatafield><qti_metadatafield><fieldlabel>qmd_questiontype</fieldlabel><fieldentry>Text Information</fieldentry></qti_metadatafield><qti_metadatafield><fieldlabel>qmd_globalid</fieldlabel><fieldentry>3858bde4-75ae-409f-8e0b-d6da51c2bc08</fieldentry></qti_metadatafield><qti_metadatafield><fieldlabel>qmd_displayid</fieldlabel><fieldentry>AW_CAA_14S5_6541_0_0_0-70</fieldentry></qti_metadatafield></qtimetadata></itemmetadata><presentation><flow><material><mattext texttype="text/html">&lt;h1&gt;Conclusion&lt;/h1&gt;</mattext></material></flow></presentation></item><item ident="OBJ_1213425" label="QUES_283388_322154" d2l_2p0:page="1" title="Comments"><itemmetadata><qtimetadata><qti_metadatafield><fieldlabel>qmd_computerscored</fieldlabel><fieldentry>yes</fieldentry></qti_metadatafield><qti_metadatafield><fieldlabel>qmd_questiontype</fieldlabel><fieldentry>Long Answer</fieldentry></qti_metadatafield><qti_metadatafield><fieldlabel>qmd_globalid</fieldlabel><fieldentry>44c573bc-7713-4333-bd70-d4571195c953</fieldentry></qti_metadatafield><qti_metadatafield><fieldlabel>qmd_displayid</fieldlabel><fieldentry>AW_CAA_14S5_6541_0_0_0-64</fieldentry></qti_metadatafield></qtimetadata></itemmetadata><itemproc_extension><d2l_2p0:difficulty>1</d2l_2p0:difficulty><d2l_2p0:isbonus>no</d2l_2p0:isbonus><d2l_2p0:ismandatory>no</d2l_2p0:ismandatory></itemproc_extension><presentation><flow><material><mattext texttype="text/html">&lt;p&gt;Do you have any additional comments &amp;nbsp;about the Content Template?&lt;/p&gt;
&lt;p&gt;Please provide them here&lt;/p&gt;</mattext></material><response_extension><d2l_2p0:has_signed_comments>no</d2l_2p0:has_signed_comments><d2l_2p0:has_htmleditor>no</d2l_2p0:has_htmleditor></response_extension><response_str ident="QUES_283388_322154_STR" rcardinality="Multiple"><render_fib rows="5" columns="40" prompt="Box" fibtype="String"><response_label ident="QUES_283388_322154_LA"><material><mattext texttype="text/plain" /></material></response_label></render_fib></response_str></flow></presentation></item></section></assessment></questestinterop>